{
  "show_title": "Women on the Verge of a Nervous Breakdown",
  "start_time": "2025-12-05T19:30:00",
  "end_time": "2025-12-05T21:45:00",
  "doors_open_time": "2025-12-03T19:00:00",
  "intermission_description": "20-minute intermission.",
  "parking_notes": "Free validated parking is available in the garage directly across the street from the theatre.",
  "timezone_abbreviation": "EST",
  "audience_rating": "PG-13 (Suggestive themes)",
  "content_warnings": "Loud music, strobe lighting, and theatrical haze effects."
}